<?xml version="1.0" encoding="UTF-8"?>
<mule xmlns="http://www.mulesoft.org/schema/mule/core"
      xmlns:vm="http://www.mulesoft.org/schema/mule/vm"
      xmlns:client="http://www.mulesoft.org/schema/mule/client"
      xmlns:stdio="http://www.mulesoft.org/schema/mule/stdio"
      xmlns:http="http://www.mulesoft.org/schema/mule/http"
      xmlns:mule-ss="http://www.mulesoft.org/schema/mule/spring-security"
      xmlns:jersey="http://www.mulesoft.org/schema/mule/jersey" 
      xmlns:ss="http://www.springframework.org/schema/security"
      xmlns:spring="http://www.springframework.org/schema/beans"
      xmlns:xsi="http://www.w3.org/2001/XMLSchema-instance"
	  xsi:schemaLocation="
		http://www.mulesoft.org/schema/mule/core
		http://www.mulesoft.org/schema/mule/core/3.1/mule.xsd
		http://www.springframework.org/schema/beans
    	http://www.springframework.org/schema/beans/spring-beans-3.0.xsd

	 http://www.mulesoft.org/schema/mule/jersey http://www.mulesoft.org/schema/mule/jersey/3.0/mule-jersey.xsd
    http://jersey.apache.org/core http://jersey.apache.org/schemas/core.xsd
		http://www.mulesoft.org/schema/mule/spring-security
		http://www.mulesoft.org/schema/mule/spring-security/3.1/mule-spring-security.xsd
		http://www.mulesoft.org/schema/mule/vm
		http://www.mulesoft.org/schema/mule/vm/3.1/mule-vm.xsd
		http://www.mulesoft.org/schema/mule/stdio
		http://www.mulesoft.org/schema/mule/stdio/3.1/mule-stdio.xsd
		http://www.mulesoft.org/schema/mule/http
		http://www.mulesoft.org/schema/mule/http/3.1/mule-http.xsd
		http://www.mulesoft.org/schema/mule/spring-security
		http://www.mulesoft.org/schema/mule/spring-security/3.1/mule-spring-security.xsd
		http://www.springframework.org/schema/security
		http://www.springframework.org/schema/security/spring-security-3.0.xsd
		http://www.mulesoft.org/schema/mule/client
		http://www.mulesoft.org/schema/mule/client/3.1/mule-client.xsd">
		
	   <spring:beans>
		      <spring:import resource="spring-security.xml"/>
	   </spring:beans>
	
	  
	   <mule-ss:security-manager>
        <mule-ss:delegate-security-provider delegate-ref="authenticationManager" name="spring-ldap"/>
    </mule-ss:security-manager>
    
   	<security-manager>
        <password-encryption-strategy name="PBE" password="mulesource"/>
    </security-manager>
	
	   <flow name="CreditCardPreauthService">
	   		 <inbound-endpoint address="http://localhost:65069/" exchange-pattern="request-response"
                                  responseTimeout="1000">

		       		         <mule-ss:http-security-filter realm="easervices-realm"/>
	       		      </inbound-endpoint>
	       		      
	       		      <jersey:resources>
             <component>
                <spring-object bean="sayHelloWithUri"/>
            </component>
            </jersey:resources>
	   </flow>
    <spring:bean class="org.mule.transport.jersey.HelloWorldResource" id="sayHelloWithUri"
                 scope="prototype"/>
		
</mule>